Timestamp,Time,Flow Rate,Pressure,Temperature,Moisture,Status,AI Confidence,Motor,Valve,Buzzer
2026-10-05 21:15:01,21:15:01,9.36,2.37,27.06,0,NORMAL,95.54,ON,OPEN,OFF
2026-10-05 21:15:01,21:15:01,9.61,2.6,31.03,0,NORMAL,97.22,ON,OPEN,OFF
2026-10-05 21:15:01,21:15:01,9.75,2.3,31.79,0,NORMAL,97.14,ON,OPEN,OFF
2026-10-05 21:15:01,21:15:01,9.91,2.64,30.56,0,NORMAL,97.82,ON,OPEN,OFF
2026-10-05 21:15:01,21:15:01,9.7,2.21,27.41,0,NORMAL,98.03,ON,OPEN,OFF
2026-10-05 21:15:01,21:15:01,9.55,2.35,27.83,0,NORMAL,98.0,ON,OPEN,OFF
2026-10-05 21:15:01,21:15:01,9.39,2.27,27.73,0,NORMAL,95.55,ON,OPEN,OFF
2026-10-05 21:15:01,21:15:01,10.56,2.57,31.13,0,NORMAL,95.74,ON,OPEN,OFF
2026-10-05 21:15:01,21:15:01,9.92,2.41,31.74,0,NORMAL,96.75,ON,OPEN,OFF
2026-10-05 21:15:01,21:15:01,6.01,1.58,31.12,1,LEAKAGE DETECTED,99.43,OFF,CLOSED,ON
2026-10-05 21:15:01,21:15:01,6.09,1.53,31.88,1,LEAKAGE DETECTED,95.76,OFF,CLOSED,ON
2026-10-05 21:15:04,21:15:04,10.75,2.63,30.95,0,NORMAL,98.14,ON,OPEN,OFF
2026-10-05 21:15:07,21:15:07,9.39,2.51,30.12,0,NORMAL,97.09,ON,OPEN,OFF
2026-10-05 21:15:10,21:15:10,10.11,2.25,27.36,0,NORMAL,99.31,ON,OPEN,OFF
2026-10-05 21:15:13,21:15:13,10.2,2.51,27.76,0,NORMAL,98.58,ON,OPEN,OFF
2026-10-05 21:15:16,21:15:16,9.5,2.21,30.25,0,NORMAL,97.16,ON,OPEN,OFF
2026-10-05 21:15:19,21:15:19,9.93,2.52,28.78,0,NORMAL,97.24,ON,OPEN,OFF
2026-10-05 21:28:01,21:28:01,9.92,2.3,30.73,0,NORMAL,98.87,ON,OPEN,OFF
2026-10-05 21:28:04,21:28:04,10.68,2.39,29.12,0,NORMAL,98.28,ON,OPEN,OFF
2026-10-05 21:28:07,21:28:07,9.29,2.6,30.11,0,NORMAL,97.6,ON,OPEN,OFF
